Product Name,Price,Image URL,Local Image Path,Product Page
Amber Bloom,$44.99 USD$49.99 USD,,product_images/Amber_Bloom.jpg,https://ersanails.com/collections/all/products/amber-bloom
Floral Dreamland,$44.99 USD,,product_images/Floral_Dreamland.jpg,https://ersanails.com/collections/all/products/floral-dreamland
Déjà vu,$49.99 USD,,product_images/Déjà_vu.jpg,https://ersanails.com/collections/all/products/deja-vu
Pixie,$44.99 USD,,product_images/Pixie.jpg,https://ersanails.com/collections/all/products/pixie
Honolulu,$59.99 USD,,product_images/Honolulu.jpg,https://ersanails.com/collections/all/products/honolulu
Ersa Cat Eye Series,$29.99 USD,,product_images/Ersa_Cat_Eye_Series.jpg,https://ersanails.com/collections/all/products/ersa-cat-eye-series
My Happy Hour,$44.99 USD,,product_images/My_Happy_Hour.jpg,https://ersanails.com/collections/all/products/my-happy-hour
Golden Shoreline,$49.99 USD,,product_images/Golden_Shoreline.jpg,https://ersanails.com/collections/all/products/golden-shoreline
Lush Green,$44.99 USD$49.99 USD,,product_images/Lush_Green.jpg,https://ersanails.com/collections/all/products/lush-green
Spiced Bloom,$44.99 USD,,product_images/Spiced_Bloom.jpg,https://ersanails.com/collections/all/products/spiced-bloom
Ersa Mystery Box,From $24.99 USD,,product_images/Ersa_Mystery_Box.jpg,https://ersanails.com/collections/all/products/ersa-mystery-box
Venus,$44.99 USD,,product_images/Venus.jpg,https://ersanails.com/collections/all/products/venus
Artemis' Glint,$44.99 USD,,product_images/Artemis_Glint.jpg,https://ersanails.com/collections/all/products/artemis-glint
Armageddon,$44.99 USD,,product_images/Armageddon.jpg,https://ersanails.com/collections/all/products/armageddon
Siren,$44.99 USD,,product_images/Siren.jpg,https://ersanails.com/collections/all/products/siren
Supernova,$49.99 USD,,product_images/Supernova.jpg,https://ersanails.com/collections/all/products/supernova
Amethyst Glow,$44.99 USD,,product_images/Amethyst_Glow.jpg,https://ersanails.com/collections/all/products/amethyst-glow
Glowing Beach,$44.99 USD,,product_images/Glowing_Beach.jpg,https://ersanails.com/collections/all/products/glowing-beach
Neon Twist,$34.99 USD,,product_images/Neon_Twist.jpg,https://ersanails.com/collections/all/products/neon-twist
Very Berry Lemonade,$49.99 USD,,product_images/Very_Berry_Lemonade.jpg,https://ersanails.com/collections/all/products/very-berry-lemonade
Seafoam,$39.99 USD,,product_images/Seafoam.jpg,https://ersanails.com/collections/all/products/seafoam
Kaleidoscope,$49.99 USD$54.99 USD,,product_images/Kaleidoscope.jpg,https://ersanails.com/collections/all/products/kaleidoscope-1
Bahamas,$49.99 USD,,product_images/Bahamas.jpg,https://ersanails.com/collections/all/products/bahamas
Eldorado,$44.99 USD,,product_images/Eldorado.jpg,https://ersanails.com/collections/all/products/eldorado
Forest Elf,$64.99 USD$69.99 USD,,product_images/Forest_Elf.jpg,https://ersanails.com/collections/all/products/forest-elf-1
Enchanted Forest,$114.99 USD$144.97 USD,,product_images/Enchanted_Forest.jpg,https://ersanails.com/collections/all/products/enchanted-forest
Yinyang,$44.99 USD$49.99 USD,,product_images/Yinyang.jpg,https://ersanails.com/collections/all/products/yinyang
Velvet Rouge,$49.99 USD$54.99 USD,,product_images/Velvet_Rouge.jpg,https://ersanails.com/collections/all/products/velvet-rouge
Indigo Aristocracy,$49.99 USD$64.99 USD,,product_images/Indigo_Aristocracy.jpg,https://ersanails.com/collections/all/products/indigo-aristocracy
Moonlit Bamboo,$39.99 USD$44.88 USD,,product_images/Moonlit_Bamboo.jpg,https://ersanails.com/collections/all/products/moonlit-bamboo
Desert Flower,$49.99 USD,,product_images/Desert_Flower.jpg,https://ersanails.com/collections/all/products/desert-flower
For the Night,$49.99 USD,,product_images/For_the_Night.jpg,https://ersanails.com/collections/all/products/for-the-night
Amber Whisper,$39.99 USD,,product_images/Amber_Whisper.jpg,https://ersanails.com/collections/all/products/amber-whisper
Mocha Mist,$39.99 USD,,product_images/Mocha_Mist.jpg,https://ersanails.com/collections/all/products/mocha-mist
Ersa Cat Eye Series - Gemstone Edition,$29.99 USD,,product_images/Ersa_Cat_Eye_Series_-_Gemstone_Edition.jpg,https://ersanails.com/collections/all/products/ersa-cat-eye-series-gemstone-edition
Deep Woods,$44.99 USD,,product_images/Deep_Woods.jpg,https://ersanails.com/collections/all/products/deep-woods
Blue Oasis,$49.99 USD,,product_images/Blue_Oasis.jpg,https://ersanails.com/collections/all/products/blue-oasis
Citrus Candy,$39.99 USD,,product_images/Citrus_Candy.jpg,https://ersanails.com/collections/all/products/citrus-candy
Petal Dance,$44.99 USD$49.99 USD,,product_images/Petal_Dance.jpg,https://ersanails.com/collections/all/products/petal-dance
Lemon Drop,$44.99 USD$49.99 USD,,product_images/Lemon_Drop.jpg,https://ersanails.com/collections/all/products/lemon-drop
Blush Peony,$44.99 USD$49.99 USD,,product_images/Blush_Peony.jpg,https://ersanails.com/collections/all/products/blush-peony
Lighten Up,$94.99 USD$124.97 USD,,product_images/Lighten_Up.jpg,https://ersanails.com/collections/all/products/lighten-up
Aurora’s Touch,$39.99 USD,,product_images/Auroras_Touch.jpg,https://ersanails.com/collections/all/products/aurora-s-touch
Into the Warmth,$44.99 USD$49.99 USD,,product_images/Into_the_Warmth.jpg,https://ersanails.com/collections/all/products/into-the-warmth
Moonlit Romance,$49.99 USD,,product_images/Moonlit_Romance.jpg,https://ersanails.com/collections/all/products/moonlit-romance
Ersa Nude Series,$29.99 USD,,product_images/Ersa_Nude_Series.jpg,https://ersanails.com/collections/all/products/ersa-nude-series
Enchanted Florals,$44.99 USD$49.99 USD,,product_images/Enchanted_Florals.jpg,https://ersanails.com/collections/all/products/enchanted-florals
Ersa French Tip Series,$29.99 USD,,product_images/Ersa_French_Tip_Series.jpg,https://ersanails.com/collections/all/products/ersa-french-tip-series
Lily of the Valley,$44.99 USD,,product_images/Lily_of_the_Valley.jpg,https://ersanails.com/collections/all/products/lily-of-the-valley
Rosy Shimmer,$39.99 USD,,product_images/Rosy_Shimmer.jpg,https://ersanails.com/collections/all/products/rosy-shimmer
Beyond the Sea,$39.99 USD,,product_images/Beyond_the_Sea.jpg,https://ersanails.com/collections/all/products/beyond-the-sea
Never-ending Summer,$49.99 USD,,product_images/Never-ending_Summer.jpg,https://ersanails.com/collections/all/products/never-ending-summer
Surf’s Up,$44.99 USD$49.99 USD,,product_images/Surfs_Up.jpg,https://ersanails.com/collections/all/products/surf-s-up
A Touch of Gold,$39.99 USD$44.99 USD,,product_images/A_Touch_of_Gold.jpg,https://ersanails.com/collections/all/products/a-touch-of-gold
Ersa C09 - Pink Garnet,$29.99 USD,,product_images/Ersa_C09_-_Pink_Garnet.jpg,https://ersanails.com/collections/all/products/ersa-c09-pink-garnet
On My Way,$54.99 USD,,product_images/On_My_Way.jpg,https://ersanails.com/collections/all/products/on-my-way
Insane,$49.99 USD,,product_images/Insane.jpg,https://ersanails.com/collections/all/products/insane
Rebel Heart,$44.99 USD,,product_images/Rebel_Heart.jpg,https://ersanails.com/collections/all/products/rebel-heart
Starry Olive,$44.99 USD,,product_images/Starry_Olive.jpg,https://ersanails.com/collections/all/products/starry-olive
From the Garden,$39.99 USD,,product_images/From_the_Garden.jpg,https://ersanails.com/collections/all/products/from-the-garden
Shining,$39.99 USD,,product_images/Shining.jpg,https://ersanails.com/collections/all/products/shining
Spellbound,$44.99 USD,,product_images/Spellbound.jpg,https://ersanails.com/collections/all/products/spellbound
Interstellar,$49.99 USD,,product_images/Interstellar.jpg,https://ersanails.com/collections/all/products/interstellar
The Abyss,$54.99 USD,,product_images/The_Abyss.jpg,https://ersanails.com/collections/all/products/the-abyss
Ersa C10 - Ocean Eyes,$29.99 USD,,product_images/Ersa_C10_-_Ocean_Eyes.jpg,https://ersanails.com/collections/all/products/ersa-c10-ocean-eyes
Dancing Blossoms,$54.99 USD$58.88 USD,,product_images/Dancing_Blossoms.jpg,https://ersanails.com/collections/all/products/dancing-blossoms
Frosted Pearl,$39.99 USD,,product_images/Frosted_Pearl.jpg,https://ersanails.com/collections/all/products/frosted-pearl
Chic Cat Eye Series,$34.99 USD,,product_images/Chic_Cat_Eye_Series.jpg,https://ersanails.com/collections/all/products/chic-cat-eye-series
Dune Glimmer,$49.99 USD,,product_images/Dune_Glimmer.jpg,https://ersanails.com/collections/all/products/dune-glimmer
Boho Turquoise,$44.99 USD,,product_images/Boho_Turquoise.jpg,https://ersanails.com/collections/all/products/boho-turquoise
Enigma,$44.99 USD$49.99 USD,,product_images/Enigma.jpg,https://ersanails.com/collections/all/products/enigma
Like A Star,$59.99 USD,,product_images/Like_A_Star.jpg,https://ersanails.com/collections/all/products/like-a-star
Berry Frappé,$44.99 USD$49.99 USD,,product_images/Berry_Frappé.jpg,https://ersanails.com/collections/all/products/berry-frappe
Fairydust,$39.99 USD,,product_images/Fairydust.jpg,https://ersanails.com/collections/all/products/fairydust
Rosé Divinity,$69.99 USD,,product_images/Rosé_Divinity.jpg,https://ersanails.com/collections/all/products/rose-divinity
Sweetheart,$34.99 USD,,product_images/Sweetheart.jpg,https://ersanails.com/collections/all/products/sweetheart
Dazzle,$44.99 USD,,product_images/Dazzle.jpg,https://ersanails.com/collections/all/products/dazzle
Malibu Beach,$64.99 USD,,product_images/Malibu_Beach.jpg,https://ersanails.com/collections/all/products/malibu-beach
Cool Water,$44.99 USD,,product_images/Cool_Water.jpg,https://ersanails.com/collections/all/products/cool-water
Orange Margarita,$49.99 USD,,product_images/Orange_Margarita.jpg,https://ersanails.com/collections/all/products/orange-margarita
Dreamy Blossom,$44.99 USD,,product_images/Dreamy_Blossom.jpg,https://ersanails.com/collections/all/products/dreamy-blossom
24k,$34.99 USD$39.99 USD,,product_images/24k.jpg,https://ersanails.com/collections/all/products/24k
Ersa Ombré Series,$29.99 USD,,product_images/Ersa_Ombré_Series.jpg,https://ersanails.com/collections/all/products/ersa-ombre-series
Ersa C02 - Rosy,$29.99 USD,,product_images/Ersa_C02_-_Rosy.jpg,https://ersanails.com/collections/all/products/ersa-c02-rosy
Burning Passion,$49.99 USD,,product_images/Burning_Passion.jpg,https://ersanails.com/collections/all/products/burning-passion
Sunburn,$54.99 USD,,product_images/Sunburn.jpg,https://ersanails.com/collections/all/products/sunburn
Ersa N09 - Honey,$29.99 USD,,product_images/Ersa_N09_-_Honey.jpg,https://ersanails.com/collections/all/products/ersa-n09-honey
Golden Dreams,$39.99 USD,,product_images/Golden_Dreams.jpg,https://ersanails.com/collections/all/products/golden-dreams
Beach It's Time,$49.99 USD$54.99 USD,,product_images/Beach_Its_Time.jpg,https://ersanails.com/collections/all/products/beach-its-time
Aperol Spritz,$39.99 USD$44.99 USD,,product_images/Aperol_Spritz.jpg,https://ersanails.com/collections/all/products/aperol-spritz
Bubbly Splash,$49.99 USD,,product_images/Bubbly_Splash.jpg,https://ersanails.com/collections/all/products/bubbly-splash
Bloom like Roses,$49.99 USD,,product_images/Bloom_like_Roses.jpg,https://ersanails.com/collections/all/products/bloom-like-roses
Hailey 02 - Cinderella,$34.99 USD,,product_images/Hailey_02_-_Cinderella.jpg,https://ersanails.com/collections/all/products/hailey-02-cinderella
Hailey 03 - Barbie,$34.99 USD,,product_images/Hailey_03_-_Barbie.jpg,https://ersanails.com/collections/all/products/hailey-03-barbie
Flowerbomb,$39.99 USD,,product_images/Flowerbomb.jpg,https://ersanails.com/collections/all/products/flowerbomb
Blush Bloom,$44.99 USD,,product_images/Blush_Bloom.jpg,https://ersanails.com/collections/all/products/blush-bloom
Summer Bay,$54.99 USD,,product_images/Summer_Bay.jpg,https://ersanails.com/collections/all/products/summer-bay
Oceanic Odyssey,$39.99 USD$44.99 USD,,product_images/Oceanic_Odyssey.jpg,https://ersanails.com/collections/all/products/oceanic-odyssey
Wildest Dreams,$49.99 USD$59.99 USD,,product_images/Wildest_Dreams.jpg,https://ersanails.com/collections/all/products/wildest-dreams
Stardust,$39.99 USD$44.99 USD,,product_images/Stardust.jpg,https://ersanails.com/collections/all/products/stardust-1
Ersa C03 - Peachy,$29.99 USD,,product_images/Ersa_C03_-_Peachy.jpg,https://ersanails.com/collections/all/products/ersa-c03-peachy
Frosty Petal,$39.99 USD,,product_images/Frosty_Petal.jpg,https://ersanails.com/collections/all/products/frosty-petal
Unchained Soul,$54.99 USD,,product_images/Unchained_Soul.jpg,https://ersanails.com/collections/all/products/unchained-soul
Glitzy,$59.99 USD,,product_images/Glitzy.jpg,https://ersanails.com/collections/all/products/glitzy
Rebel Bloom,$54.99 USD,,product_images/Rebel_Bloom.jpg,https://ersanails.com/collections/all/products/rebel-bloom
Illusion,$49.99 USD$54.99 USD,,product_images/Illusion.jpg,https://ersanails.com/collections/all/products/illusion
Ersa N01 - Porcelain,$29.99 USD,,product_images/Ersa_N01_-_Porcelain.jpg,https://ersanails.com/collections/all/products/ersa-n01-porcelain
Hailey Series,$34.99 USD,,product_images/Hailey_Series.jpg,https://ersanails.com/collections/all/products/hailey
Mermaid Martini,$49.99 USD,,product_images/Mermaid_Martini.jpg,https://ersanails.com/collections/all/products/mermaid-martini
Lilac Elfland,$44.99 USD$49.99 USD,,product_images/Lilac_Elfland.jpg,https://ersanails.com/collections/all/products/lilac-elfland
Wild Flame,$59.99 USD,,product_images/Wild_Flame.jpg,https://ersanails.com/collections/all/products/wild-flame
Silver Venom,$59.99 USD,,product_images/Silver_Venom.jpg,https://ersanails.com/collections/all/products/silver-venom
Live My Life,$54.99 USD$64.99 USD,,product_images/Live_My_Life.jpg,https://ersanails.com/collections/all/products/live-my-life
Dynamite,$49.99 USD$54.99 USD,,product_images/Dynamite.jpg,https://ersanails.com/collections/all/products/dynamite
Pacific Lime,$44.99 USD,,product_images/Pacific_Lime.jpg,https://ersanails.com/collections/all/products/pacific-lime
Coney Island,$49.99 USD,,product_images/Coney_Island.jpg,https://ersanails.com/collections/all/products/coney-island
Coastal Paradise,$49.99 USD,,product_images/Coastal_Paradise.jpg,https://ersanails.com/collections/all/products/coastal-paradise
Sweet Candy,$34.99 USD,,product_images/Sweet_Candy.jpg,https://ersanails.com/collections/all/products/sweet-candy
Dolphin Girl,$39.99 USD,,product_images/Dolphin_Girl.jpg,https://ersanails.com/collections/all/products/dolphin-girl
Beach Gleam,$44.99 USD,,product_images/Beach_Gleam.jpg,https://ersanails.com/collections/all/products/beach-gleam
Green Forest,$44.99 USD$49.99 USD,,product_images/Green_Forest.jpg,https://ersanails.com/collections/all/products/green-forest
Splashy,$49.99 USD,,product_images/Splashy.jpg,https://ersanails.com/collections/all/products/splashy
Time to Unwind,$39.99 USD,,product_images/Time_to_Unwind.jpg,https://ersanails.com/collections/all/products/time-to-unwind
Rejoice,$39.99 USD,,product_images/Rejoice.jpg,https://ersanails.com/collections/all/products/rejoice
Enchant,$34.99 USD,,product_images/Enchant.jpg,https://ersanails.com/collections/all/products/enchant
Aqua,$34.99 USD,,product_images/Aqua.jpg,https://ersanails.com/collections/all/products/aqua
Lustro,$34.99 USD,,product_images/Lustro.jpg,https://ersanails.com/collections/all/products/lustro
Ethereal,$34.99 USD,,product_images/Ethereal.jpg,https://ersanails.com/collections/all/products/ethereal
Express Yourself,$49.99 USD,,product_images/Express_Yourself.jpg,https://ersanails.com/collections/all/products/express-yourself
Wild Heart,$54.99 USD,,product_images/Wild_Heart.jpg,https://ersanails.com/collections/all/products/wild-heart
Metal Mesh,$54.99 USD,,product_images/Metal_Mesh.jpg,https://ersanails.com/collections/all/products/metal-mesh
Pop Star,$49.99 USD$54.99 USD,,product_images/Pop_Star.jpg,https://ersanails.com/collections/all/products/pop-star
Sea Salt,$124.99 USD$169.96 USD,,product_images/Sea_Salt.jpg,https://ersanails.com/collections/all/products/sea-salt
Coastal Breeze,$154.99 USD$214.96 USD,,product_images/Coastal_Breeze.jpg,https://ersanails.com/collections/all/products/coastal-breeze
Boho Queen,$139.99 USD$189.96 USD,,product_images/Boho_Queen.jpg,https://ersanails.com/collections/all/products/boho-queen
Lemon Soda,$44.99 USD,,product_images/Lemon_Soda.jpg,https://ersanails.com/collections/all/products/lemon-soda
Bad Girl,$59.99 USD,,product_images/Bad_Girl.jpg,https://ersanails.com/collections/all/products/bad-girl
Tulip Fairy,$44.99 USD$49.99 USD,,product_images/Tulip_Fairy.jpg,https://ersanails.com/collections/all/products/tulip-fairy
Petite Fleur,$44.99 USD,,product_images/Petite_Fleur.jpg,https://ersanails.com/collections/all/products/petite-fleur-1
Thetis,$64.99 USD$69.99 USD,,product_images/Thetis.jpg,https://ersanails.com/collections/all/products/thetis
When the Rain Stops,$49.99 USD,,product_images/When_the_Rain_Stops.jpg,https://ersanails.com/collections/all/products/when-the-rain-stops
Jelly Sweets,$44.99 USD,,product_images/Jelly_Sweets.jpg,https://ersanails.com/collections/all/products/jelly-sweets
Sundazed,$44.99 USD,,product_images/Sundazed.jpg,https://ersanails.com/collections/all/products/sundazed
Getaway Mode,$114.99 USD$149.97 USD,,product_images/Getaway_Mode.jpg,https://ersanails.com/collections/all/products/getaway-mode
Lunaflora,$44.99 USD$49.99 USD,,product_images/Lunaflora.jpg,https://ersanails.com/collections/all/products/lunaflora
Dewlit Gold,$34.99 USD$39.99 USD,,product_images/Dewlit_Gold.jpg,https://ersanails.com/collections/all/products/dewlit-gold
Jade Bamboo,$44.99 USD$49.99 USD,,product_images/Jade_Bamboo.jpg,https://ersanails.com/collections/all/products/jade-bamboo
Golden Osmanthus,$49.99 USD$54.99 USD,,product_images/Golden_Osmanthus.jpg,https://ersanails.com/collections/all/products/golden-osmanthus
Lunar Fantasies,$34.99 USD$39.99 USD,,product_images/Lunar_Fantasies.jpg,https://ersanails.com/collections/all/products/lunar-fantasies
Celestial Star,$34.99 USD$39.99 USD,,product_images/Celestial_Star.jpg,https://ersanails.com/collections/all/products/celestial-star
Ersa F05 - Black Swan,$29.99 USD,,product_images/Ersa_F05_-_Black_Swan.jpg,https://ersanails.com/collections/all/products/ersa-f05-black-swan
Ersa F04 - Red Velvet,$29.99 USD,,product_images/Ersa_F04_-_Red_Velvet.jpg,https://ersanails.com/collections/all/products/ersa-f04-red-velvet
Make a Wish,$44.99 USD,,product_images/Make_a_Wish.jpg,https://ersanails.com/collections/all/products/make-a-wish
Sumptuous,$44.99 USD,,product_images/Sumptuous.jpg,https://ersanails.com/collections/all/products/sumptuous
Gilded Garden,$44.99 USD$49.99 USD,,product_images/Gilded_Garden.jpg,https://ersanails.com/collections/all/products/gilded-garden
Rose Garden,$49.99 USD,,product_images/Rose_Garden.jpg,https://ersanails.com/collections/all/products/rose-garden
Adorable,$49.99 USD,,product_images/Adorable.jpg,https://ersanails.com/collections/all/products/adorable
Free Soul,$44.99 USD$54.99 USD,,product_images/Free_Soul.jpg,https://ersanails.com/collections/all/products/free-soul
Butterfly Kisses,$49.99 USD$54.99 USD,,product_images/Butterfly_Kisses.jpg,https://ersanails.com/collections/all/products/butterfly-kisses
Lemon Cream,$44.99 USD,,product_images/Lemon_Cream.jpg,https://ersanails.com/collections/all/products/lemon-cream
New Season,$39.99 USD,,product_images/New_Season.jpg,https://ersanails.com/collections/all/products/new-season
Petal Perfection,$39.99 USD$44.99 USD,,product_images/Petal_Perfection.jpg,https://ersanails.com/collections/all/products/petal-perfection
Beachside Fizz,$44.99 USD$49.99 USD,,product_images/Beachside_Fizz.jpg,https://ersanails.com/collections/all/products/beachside-fizz
Aurora Pearls,$34.99 USD$39.99 USD,,product_images/Aurora_Pearls.jpg,https://ersanails.com/collections/all/products/aurora-pearls
Starlit Fairytale,$44.99 USD,,product_images/Starlit_Fairytale.jpg,https://ersanails.com/collections/all/products/starlit-fairytale
Verdant Dreams,$44.99 USD$49.99 USD,,product_images/Verdant_Dreams.jpg,https://ersanails.com/collections/all/products/verdant-dreams
Libre,$44.99 USD$54.99 USD,,product_images/Libre.jpg,https://ersanails.com/collections/all/products/libre
Inflorescence,$44.99 USD,,product_images/Inflorescence.jpg,https://ersanails.com/collections/all/products/inflorescence
Floral Whimsy,$54.99 USD,,product_images/Floral_Whimsy.jpg,https://ersanails.com/collections/all/products/floral-whimsy
Beyond the Celestial,$39.99 USD,,product_images/Beyond_the_Celestial.jpg,https://ersanails.com/collections/all/products/beyond-the-celestial
Blue Heart,$34.99 USD,,product_images/Blue_Heart.jpg,https://ersanails.com/collections/all/products/blue-heart
Fallen Angel,$59.99 USD,,product_images/Fallen_Angel.jpg,https://ersanails.com/collections/all/products/fallen-angel
Forget Me Not,$39.99 USD,,product_images/Forget_Me_Not.jpg,https://ersanails.com/collections/all/products/forget-me-not
White Ribbon,$39.99 USD,,product_images/White_Ribbon.jpg,https://ersanails.com/collections/all/products/white-ribbon
Verdant Poem,$39.99 USD,,product_images/Verdant_Poem.jpg,https://ersanails.com/collections/all/products/verdant-poem
Golden Magnolia,$39.99 USD$44.99 USD,,product_images/Golden_Magnolia.jpg,https://ersanails.com/collections/all/products/golden-magnolia
Forever Only,$39.99 USD,,product_images/Forever_Only.jpg,https://ersanails.com/collections/all/products/forever-only
Honeyed Vows,$39.99 USD$44.99 USD,,product_images/Honeyed_Vows.jpg,https://ersanails.com/collections/all/products/honeyed-vows
Gilded Mist,$44.99 USD,,product_images/Gilded_Mist.jpg,https://ersanails.com/collections/all/products/gilded-mist
Le Grand Bleu,$44.99 USD$49.99 USD,,product_images/Le_Grand_Bleu.jpg,https://ersanails.com/collections/all/products/le-grand-bleu
Dream Bouquet,$49.99 USD$54.99 USD,,product_images/Dream_Bouquet.jpg,https://ersanails.com/collections/all/products/dream-bouquet
Sea Breeze,$39.99 USD,,product_images/Sea_Breeze.jpg,https://ersanails.com/collections/all/products/sea-breeze
La Reine,$54.99 USD$64.99 USD,,product_images/La_Reine.jpg,https://ersanails.com/collections/all/products/la-reine
Burgundy Enchantress,$39.99 USD$44.99 USD,,product_images/Burgundy_Enchantress.jpg,https://ersanails.com/collections/all/products/burgundy-enchantress
Heart Spike,$24.99 USD$44.99 USD,,product_images/Heart_Spike.jpg,https://ersanails.com/collections/all/products/heart-spike
Medusa,$39.99 USD,,product_images/Medusa.jpg,https://ersanails.com/collections/all/products/medusa
Monet's Garden,$49.99 USD,,product_images/Monets_Garden.jpg,https://ersanails.com/collections/all/products/monets-garden
Miss Underwater,$39.99 USD$44.99 USD,,product_images/Miss_Underwater.jpg,https://ersanails.com/collections/all/products/miss-underwater
Morning Dew,$49.99 USD$54.99 USD,,product_images/Morning_Dew.jpg,https://ersanails.com/collections/all/products/morning-dew
Beryl Enchantress,$39.99 USD$44.99 USD,,product_images/Beryl_Enchantress.jpg,https://ersanails.com/collections/all/products/beryl-enchantress
Celestial Hymn,$44.99 USD,,product_images/Celestial_Hymn.jpg,https://ersanails.com/collections/all/products/celestial-hymn
Venus's Embrace,$39.99 USD$44.99 USD,,product_images/Venuss_Embrace.jpg,https://ersanails.com/collections/all/products/venuss-embrace
Velvet Rose,$44.99 USD$49.99 USD,,product_images/Velvet_Rose.jpg,https://ersanails.com/collections/all/products/velvet-rose
Petal by Petal,$39.99 USD,,product_images/Petal_by_Petal.jpg,https://ersanails.com/collections/all/products/petal-by-petal
Cerulean Bloom,$44.99 USD,,product_images/Cerulean_Bloom.jpg,https://ersanails.com/collections/all/products/cerulean-bloom
Shimmering Bliss,$39.99 USD,,product_images/Shimmering_Bliss.jpg,https://ersanails.com/collections/all/products/shimmering-bliss
Flower Hour,$39.99 USD$44.99 USD,,product_images/Flower_Hour.jpg,https://ersanails.com/collections/all/products/flower-hour
Tulip Harvest,$44.99 USD,,product_images/Tulip_Harvest.jpg,https://ersanails.com/collections/all/products/tulip-harvest
Lighthearted,$39.99 USD$44.99 USD,,product_images/Lighthearted.jpg,https://ersanails.com/collections/all/products/lightearted
Thriving,$34.99 USD$39.99 USD,,product_images/Thriving.jpg,https://ersanails.com/collections/all/products/thriving
Flora’s Breath,$44.99 USD,,product_images/Floras_Breath.jpg,https://ersanails.com/collections/all/products/flora-s-breath
Azure Haze mini,$39.99 USD,,product_images/Azure_Haze_mini.jpg,https://ersanails.com/collections/all/products/azure-haze-mini
Sapphire,$44.99 USD,,product_images/Sapphire.jpg,https://ersanails.com/collections/all/products/sapphire
La Luna,$34.99 USD$39.99 USD,,product_images/La_Luna.jpg,https://ersanails.com/collections/all/products/la-luna
Flipped,$34.99 USD$39.99 USD,,product_images/Flipped.jpg,https://ersanails.com/collections/all/products/flipped
Silken Waves,$44.99 USD,,product_images/Silken_Waves.jpg,https://ersanails.com/collections/all/products/silken-waves
Fluffy Kitty,$34.99 USD$39.99 USD,,product_images/Fluffy_Kitty.jpg,https://ersanails.com/collections/all/products/fluffy-kitty
Kitty Pawfect,$34.99 USD$39.99 USD,,product_images/Kitty_Pawfect.jpg,https://ersanails.com/collections/all/products/kitty-pawfect
Ocean Babies,$79.99 USD$109.97 USD,,product_images/Ocean_Babies.jpg,https://ersanails.com/collections/all/products/ocean-babies
Soft Puppy,$34.99 USD$39.99 USD,,product_images/Soft_Puppy.jpg,https://ersanails.com/collections/all/products/soft-puppy
Hang Out Together,$39.99 USD,,product_images/Hang_Out_Together.jpg,https://ersanails.com/collections/all/products/hang-out-together
Ersa Gift Packaging,$8.99 USD,,product_images/Ersa_Gift_Packaging.jpg,https://ersanails.com/collections/all/products/ersa-gift-packaging
Tropicalia,$44.99 USD$49.99 USD,,product_images/Tropicalia.jpg,https://ersanails.com/collections/all/products/tropicalia
Sun-Kissed,$44.99 USD,,product_images/Sun-Kissed.jpg,https://ersanails.com/collections/all/products/sun-kissed
Wild Venus,$39.99 USD$44.99 USD,,product_images/Wild_Venus.jpg,https://ersanails.com/collections/all/products/wild-venus
Spring Letter,$39.99 USD$49.99 USD,,product_images/Spring_Letter.jpg,https://ersanails.com/collections/all/products/spring-letter
Petal Waltz,$49.99 USD$54.99 USD,,product_images/Petal_Waltz.jpg,https://ersanails.com/collections/all/products/petal-waltz
Bloom in the Mist,$44.99 USD$49.99 USD,,product_images/Bloom_in_the_Mist.jpg,https://ersanails.com/collections/all/products/bloom-in-the-mist
Wild Blossom,$69.99 USD$79.99 USD,,product_images/Wild_Blossom.jpg,https://ersanails.com/collections/all/products/wild-blossom
Charming Petals,$49.99 USD,,product_images/Charming_Petals.jpg,https://ersanails.com/collections/all/products/charming-petals
True Blue,$49.99 USD,,product_images/True_Blue.jpg,https://ersanails.com/collections/all/products/true-blue
Nude Muse,$49.99 USD,,product_images/Nude_Muse.jpg,https://ersanails.com/collections/all/products/nude-muse
Emerald Cosmos,$39.99 USD,,product_images/Emerald_Cosmos.jpg,https://ersanails.com/collections/all/products/emerald-cosmos
Full Bloom,$49.99 USD$54.99 USD,,product_images/Full_Bloom.jpg,https://ersanails.com/collections/all/products/full-bloom
Purple Patch,$39.99 USD$49.99 USD,,product_images/Purple_Patch.jpg,https://ersanails.com/collections/all/products/purple-patch
Pearl of the Deep,$49.99 USD,,product_images/Pearl_of_the_Deep.jpg,https://ersanails.com/collections/all/products/pearl-of-the-deep
Petals in the Breeze,$49.99 USD,,product_images/Petals_in_the_Breeze.jpg,https://ersanails.com/collections/all/products/petals-in-the-breeze
Soft Spring,$139.99 USD$194.96 USD,,product_images/Soft_Spring.jpg,https://ersanails.com/collections/all/products/soft-spring
Sunset Swim,$144.99 USD$194.96 USD,,product_images/Sunset_Swim.jpg,https://ersanails.com/collections/all/products/sunset-swim
I'm the Best,$164.99 USD$224.96 USD,,product_images/Im_the_Best.jpg,https://ersanails.com/collections/all/products/im-the-best
Dressed to the Nines,$44.99 USD,,product_images/Dressed_to_the_Nines.jpg,https://ersanails.com/collections/all/products/dressed-to-the-nines
Moment of Forever,$34.99 USD$39.99 USD,,product_images/Moment_of_Forever.jpg,https://ersanails.com/collections/all/products/moment-of-forever
Cherished Heart,$44.99 USD,,product_images/Cherished_Heart.jpg,https://ersanails.com/collections/all/products/cherished-heart
Little Heart,$34.99 USD,,product_images/Little_Heart.jpg,https://ersanails.com/collections/all/products/little-heart
Holy Roses,$49.99 USD,,product_images/Holy_Roses.jpg,https://ersanails.com/collections/all/products/holy-roses
A Kiss to Remember,$49.99 USD$54.99 USD,,product_images/A_Kiss_to_Remember.jpg,https://ersanails.com/collections/all/products/a-kiss-to-remember
Silent Night,$34.99 USD$39.99 USD,,product_images/Silent_Night.jpg,https://ersanails.com/collections/all/products/silent-night
Angelic Rose,$49.99 USD,,product_images/Angelic_Rose.jpg,https://ersanails.com/collections/all/products/angelic-rose
Love Me Tender,$44.99 USD,,product_images/Love_Me_Tender.jpg,https://ersanails.com/collections/all/products/love-me-tender
Petals of Eternity,$53.88 USD$58.88 USD,,product_images/Petals_of_Eternity.jpg,https://ersanails.com/collections/all/products/petals-of-eternity
Jade's Embrace,$53.88 USD$58.88 USD,,product_images/Jades_Embrace.jpg,https://ersanails.com/collections/all/products/jades-embrace
Pink Reverie,$54.99 USD$58.88 USD,,product_images/Pink_Reverie.jpg,https://ersanails.com/collections/all/products/pink-reverie
Opulence,$54.99 USD$58.88 USD,,product_images/Opulence.jpg,https://ersanails.com/collections/all/products/opulence
Neon Blush,$34.99 USD,,product_images/Neon_Blush.jpg,https://ersanails.com/collections/all/products/neon-blush
Soft Light,$29.99 USD$39.99 USD,,product_images/Soft_Light.jpg,https://ersanails.com/collections/all/products/soft-light
Irresistible,$44.99 USD,,product_images/Irresistible.jpg,https://ersanails.com/collections/all/products/irresistible
Undine,$39.99 USD,,product_images/Undine.jpg,https://ersanails.com/collections/all/products/undine
With Love,$34.99 USD$39.99 USD,,product_images/With_Love.jpg,https://ersanails.com/collections/all/products/with-love
Sweet Love,$34.99 USD$49.99 USD,,product_images/Sweet_Love.jpg,https://ersanails.com/collections/all/products/sweet-love
Lunar Devotion,$49.99 USD$54.99 USD,,product_images/Lunar_Devotion.jpg,https://ersanails.com/collections/all/products/lunar-devotion
Cherished Moments,$28.99 USD$44.99 USD,,product_images/Cherished_Moments.jpg,https://ersanails.com/collections/all/products/cherished-moments
Eternal Eve,$44.99 USD$54.99 USD,,product_images/Eternal_Eve.jpg,https://ersanails.com/collections/all/products/eternal-eve
Be Loved,$34.99 USD$44.99 USD,,product_images/Be_Loved.jpg,https://ersanails.com/collections/all/products/be-loved
Winter's Gift,$39.99 USD$49.99 USD,,product_images/Winters_Gift.jpg,https://ersanails.com/collections/all/products/winters-gift
Aureate Bloom,$44.99 USD$49.99 USD,,product_images/Aureate_Bloom.jpg,https://ersanails.com/collections/all/products/aureate-bloom
Ornament of Grace,$64.99 USD,,product_images/Ornament_of_Grace.jpg,https://ersanails.com/collections/all/products/ornament-of-grace
Angel's Gift,$59.99 USD,,product_images/Angels_Gift.jpg,https://ersanails.com/collections/all/products/angels-gift
The Good Days,$48.88 USD,,product_images/The_Good_Days.jpg,https://ersanails.com/collections/all/products/the-good-days
As You Wished,$54.88 USD,,product_images/As_You_Wished.jpg,https://ersanails.com/collections/all/products/as-you-wished
Phoenix Nirvana,$88.88 USD$98.88 USD,,product_images/Phoenix_Nirvana.jpg,https://ersanails.com/collections/all/products/phoenix-nirvana
Miaojiang Girl,$59.99 USD$68.88 USD,,product_images/Miaojiang_Girl.jpg,https://ersanails.com/collections/all/products/miaojiang-girl
Moonlight Scales,$68.88 USD,,product_images/Moonlight_Scales.jpg,https://ersanails.com/collections/all/products/moonlight-scales
Silent Majesty,$88.88 USD,,product_images/Silent_Majesty.jpg,https://ersanails.com/collections/all/products/silent-majesty
Pearl of the Orient,$58.88 USD,,product_images/Pearl_of_the_Orient.jpg,https://ersanails.com/collections/all/products/pearl-of-the-orient
Ruby Venom,$44.88 USD,,product_images/Ruby_Venom.jpg,https://ersanails.com/collections/all/products/ruby-venom
Cool Heart,$62.88 USD$68.88 USD,,product_images/Cool_Heart.jpg,https://ersanails.com/collections/all/products/cool-heart
Mystic Siren,$58.88 USD,,product_images/Mystic_Siren.jpg,https://ersanails.com/collections/all/products/mystic-siren
Starry Pink,$44.99 USD,,product_images/Starry_Pink.jpg,https://ersanails.com/collections/all/products/starry-pink
Much Love,$28.99 USD$44.99 USD,,product_images/Much_Love.jpg,https://ersanails.com/collections/all/products/much-love
Peach Blossom Matcha,$29.99 USD$44.99 USD,,product_images/Peach_Blossom_Matcha.jpg,https://ersanails.com/collections/all/products/peach-blossom-matcha
Lazuli Feather,$29.99 USD$39.99 USD,,product_images/Lazuli_Feather.jpg,https://ersanails.com/collections/all/products/lazuli-feather
Eternal Grace,$59.99 USD,,product_images/Eternal_Grace.jpg,https://ersanails.com/collections/all/products/eternal-grace
Sweet Surrender,$44.99 USD$54.99 USD,,product_images/Sweet_Surrender.jpg,https://ersanails.com/collections/all/products/sweet-surrender
Eternal Faith,$74.99 USD,,product_images/Eternal_Faith.jpg,https://ersanails.com/collections/all/products/eternal-faith
Passion,$28.99 USD$54.99 USD,,product_images/Passion.jpg,https://ersanails.com/collections/all/products/passion
Love Actually,$34.99 USD$44.99 USD,,product_images/Love_Actually.jpg,https://ersanails.com/collections/all/products/love-actually
Red Queen,$49.99 USD$59.99 USD,,product_images/Red_Queen.jpg,https://ersanails.com/collections/all/products/red-queen
Heavenly Embrace,$64.99 USD,,product_images/Heavenly_Embrace.jpg,https://ersanails.com/collections/all/products/heavenly-embrace
Midnight Serenade,$39.99 USD,,product_images/Midnight_Serenade.jpg,https://ersanails.com/collections/all/products/midnight-serenade
Jardin Vert,$49.99 USD$54.99 USD,,product_images/Jardin_Vert.jpg,https://ersanails.com/collections/all/products/jardin-vert
Caramel Ripple,$44.99 USD$49.99 USD,,product_images/Caramel_Ripple.jpg,https://ersanails.com/collections/all/products/caramel-ripple
Evergreen Bliss,$24.99 USD$44.99 USD,,product_images/Evergreen_Bliss.jpg,https://ersanails.com/collections/all/products/evergreen-bliss
Under the Mistletoe,$28.99 USD$49.99 USD,,product_images/Under_the_Mistletoe.jpg,https://ersanails.com/collections/all/products/under-the-mistletoe
Femme Fatale,$198.88 USD$271.52 USD,,product_images/Femme_Fatale.jpg,https://ersanails.com/collections/all/products/femme-fatale
Candy Cane Crush,$24.99 USD$39.99 USD,,product_images/Candy_Cane_Crush.jpg,https://ersanails.com/collections/all/products/candy-cane-crush
Serendipity,$24.99 USD$39.99 USD,,product_images/Serendipity.jpg,https://ersanails.com/collections/all/products/serendipity
Celestial Waltz,$34.99 USD$39.99 USD,,product_images/Celestial_Waltz.jpg,https://ersanails.com/collections/all/products/celestial-waltz
Garnet Glitz,$24.99 USD$44.99 USD,,product_images/Garnet_Glitz.jpg,https://ersanails.com/collections/all/products/garnet-glitz
Obsessed,$39.99 USD$44.99 USD,,product_images/Obsessed.jpg,https://ersanails.com/collections/all/products/obsessed
Teddy's Caress,$39.99 USD$44.99 USD,,product_images/Teddys_Caress.jpg,https://ersanails.com/collections/all/products/teddys-caress
Divine Glow,$34.99 USD$39.99 USD,,product_images/Divine_Glow.jpg,https://ersanails.com/collections/all/products/divine-glow
Crimson Elegance,$44.99 USD$49.99 USD,,product_images/Crimson_Elegance.jpg,https://ersanails.com/collections/all/products/crimson-elegance
La Vie en Rose,$39.99 USD$49.99 USD,,product_images/La_Vie_en_Rose.jpg,https://ersanails.com/collections/all/products/la-vie-en-rose
Midnight Swirl,$34.99 USD$44.99 USD,,product_images/Midnight_Swirl.jpg,https://ersanails.com/collections/all/products/midnight-swirl
Gilded Amber,$39.99 USD$44.99 USD,,product_images/Gilded_Amber.jpg,https://ersanails.com/collections/all/products/gilded-amber
Lady in Red,$39.99 USD$54.99 USD,,product_images/Lady_in_Red.jpg,https://ersanails.com/collections/all/products/lady-in-red
Floral Romance,$44.99 USD$54.99 USD,,product_images/Floral_Romance.jpg,https://ersanails.com/collections/all/products/floral-romance
Cherry on Top,$39.99 USD,,product_images/Cherry_on_Top.jpg,https://ersanails.com/collections/all/products/cherry-on-top
Ribbon of Love,$39.99 USD$54.99 USD,,product_images/Ribbon_of_Love.jpg,https://ersanails.com/collections/all/products/ribbon-of-love
Ruby Whispers,$39.99 USD,,product_images/Ruby_Whispers.jpg,https://ersanails.com/collections/all/products/ruby-whispers
Tidings of Joy,$24.99 USD$54.99 USD,,product_images/Tidings_of_Joy.jpg,https://ersanails.com/collections/all/products/tidings-of-joy
Sweet Indulgence,$54.99 USD$64.99 USD,,product_images/Sweet_Indulgence.jpg,https://ersanails.com/collections/all/products/sweet-indulgence
Love Aura,$34.99 USD$44.99 USD,,product_images/Love_Aura.jpg,https://ersanails.com/collections/all/products/love-aura
Aquamarine,$79.99 USD,,product_images/Aquamarine.jpg,https://ersanails.com/collections/all/products/aquamarine
Golden Grace,$39.99 USD$44.99 USD,,product_images/Golden_Grace.jpg,https://ersanails.com/collections/all/products/golden-grace
Breakfast at Tiffany's,$34.99 USD$39.99 USD,,product_images/Breakfast_at_Tiffanys.jpg,https://ersanails.com/collections/all/products/breakfast-at-tiffanys
Merry & Bright,$24.99 USD$39.99 USD,,product_images/Merry__Bright.jpg,https://ersanails.com/collections/all/products/merry-bright
By the Fireplace,$34.99 USD$44.99 USD,,product_images/By_the_Fireplace.jpg,https://ersanails.com/collections/all/products/by-the-fireplace
Midnight Muse,$44.99 USD$49.99 USD,,product_images/Midnight_Muse.jpg,https://ersanails.com/collections/all/products/midnight-muse
Fleur Rouge,$54.99 USD,,product_images/Fleur_Rouge.jpg,https://ersanails.com/collections/all/products/fleur-rouge
Teddy Bear,$34.99 USD$39.99 USD,,product_images/Teddy_Bear.jpg,https://ersanails.com/collections/all/products/teddy-bear
Blue Rapture,$39.99 USD,,product_images/Blue_Rapture.jpg,https://ersanails.com/collections/all/products/blue-rapture
Mermaid's Melody,$34.99 USD$39.99 USD,,product_images/Mermaids_Melody.jpg,https://ersanails.com/collections/all/products/mermaids-melody
All Too Well,$44.99 USD$49.99 USD,,product_images/All_Too_Well.jpg,https://ersanails.com/collections/all/products/all-too-well
Petal Pink,$39.99 USD,,product_images/Petal_Pink.jpg,https://ersanails.com/collections/all/products/petal-pink
Violet Nebula,$34.99 USD$39.99 USD,,product_images/Violet_Nebula.jpg,https://ersanails.com/collections/all/products/violet-nebula
Midnight Madness,$44.99 USD$54.99 USD,,product_images/Midnight_Madness.jpg,https://ersanails.com/collections/all/products/midnight-madness
Faithful,$69.99 USD,,product_images/Faithful.jpg,https://ersanails.com/collections/all/products/faithful
Thorned Heart,$44.99 USD$54.99 USD,,product_images/Thorned_Heart.jpg,https://ersanails.com/collections/all/products/thorned-heart
Scarlet Petals,$44.99 USD$49.99 USD,,product_images/Scarlet_Petals.jpg,https://ersanails.com/collections/all/products/scarlet-petals
Caramel,$34.99 USD$39.99 USD,,product_images/Caramel.jpg,https://ersanails.com/collections/all/products/caramel
Twilight Bloom,$44.99 USD$49.99 USD,,product_images/Twilight_Bloom.jpg,https://ersanails.com/collections/all/products/twilight-bloom
Forest Fairy,$39.99 USD,,product_images/Forest_Fairy.jpg,https://ersanails.com/collections/all/products/forest-fairy
Metallic Mirage,$34.99 USD$39.99 USD,,product_images/Metallic_Mirage.jpg,https://ersanails.com/collections/all/products/metallic-mirage
Verdant Allure,$34.99 USD$39.99 USD,,product_images/Verdant_Allure.jpg,https://ersanails.com/collections/all/products/verdant-allure
Pearl Seashell,$44.99 USD,,product_images/Pearl_Seashell.jpg,https://ersanails.com/collections/all/products/pearl-seashell
Silk Ripple,$39.99 USD$49.99 USD,,product_images/Silk_Ripple.jpg,https://ersanails.com/collections/all/products/silk-ripple
Emerald Dream,$39.99 USD,,product_images/Emerald_Dream.jpg,https://ersanails.com/collections/all/products/emerald-dream
Honeyed Bloom,$49.99 USD$54.99 USD,,product_images/Honeyed_Bloom.jpg,https://ersanails.com/collections/all/products/honeyed-bloom
Galactic Tide,$34.99 USD$39.99 USD,,product_images/Galactic_Tide.jpg,https://ersanails.com/collections/all/products/galactic-tide
Glacial Whispers,$24.99 USD$34.99 USD,,product_images/Glacial_Whispers.jpg,https://ersanails.com/collections/all/products/glacial-whispers
Dream Ocean,$34.99 USD,,product_images/Dream_Ocean.jpg,https://ersanails.com/collections/all/products/dream-ocean
Azure Haze,From $29.99 USD,,product_images/Azure_Haze.jpg,https://ersanails.com/collections/all/products/azure-haze
Small Blessings,$39.99 USD,,product_images/Small_Blessings.jpg,https://ersanails.com/collections/all/products/small-blessings
Starlight Kisses,$39.99 USD$44.99 USD,,product_images/Starlight_Kisses.jpg,https://ersanails.com/collections/all/products/starlight-kisses
Girl in Pearl,$34.99 USD$39.99 USD,,product_images/Girl_in_Pearl.jpg,https://ersanails.com/collections/all/products/girl-in-pearl
Mermaid's Tear,$34.99 USD$44.99 USD,,product_images/Mermaids_Tear.jpg,https://ersanails.com/collections/all/products/mermaids-tear
Blue Hawaii,$39.99 USD,,product_images/Blue_Hawaii.jpg,https://ersanails.com/collections/all/products/blue-hawaii
Silken Ties,$39.99 USD,,product_images/Silken_Ties.jpg,https://ersanails.com/collections/all/products/silken-ties
Glacial Whisper (medium almond),$34.99 USD,,product_images/Glacial_Whisper_medium_almond.jpg,https://ersanails.com/collections/all/products/glacial-whisper-medium-almond
Golden Days,$34.99 USD$39.99 USD,,product_images/Golden_Days.jpg,https://ersanails.com/collections/all/products/golden-days
Cherry Jubilee,$28.99 USD$39.99 USD,,product_images/Cherry_Jubilee.jpg,https://ersanails.com/collections/all/products/cherry-jubilee
Cherry Smoothie,$44.99 USD$49.99 USD,,product_images/Cherry_Smoothie.jpg,https://ersanails.com/collections/all/products/cherry-smoothie
Forever in Love,$28.99 USD$39.99 USD,,product_images/Forever_in_Love.jpg,https://ersanails.com/collections/all/products/forever-in-love
Sparkling Allure,$34.99 USD$39.99 USD,,product_images/Sparkling_Allure.jpg,https://ersanails.com/collections/all/products/sparkling-allure
Golden Dawn,$39.99 USD,,product_images/Golden_Dawn.jpg,https://ersanails.com/collections/all/products/golden-dawn
Hidden Gem,$34.99 USD$39.99 USD,,product_images/Hidden_Gem.jpg,https://ersanails.com/collections/all/products/hidden-gem
Witches Curse,$54.99 USD$69.99 USD,,product_images/Witches_Curse.jpg,https://ersanails.com/collections/all/products/witches-curse
Gothic Radiance,$34.99 USD$39.99 USD,,product_images/Gothic_Radiance.jpg,https://ersanails.com/collections/all/products/gothic-radiance
Nocturnal Elegance,$34.99 USD,,product_images/Nocturnal_Elegance.jpg,https://ersanails.com/collections/all/products/nocturnal-elegance
Coquette Kisses,$34.99 USD$49.99 USD,,product_images/Coquette_Kisses.jpg,https://ersanails.com/collections/all/products/coquette-kisses
Sun Crush,$54.99 USD$64.99 USD,,product_images/Sun_Crush.jpg,https://ersanails.com/collections/all/products/sun-crush
Blue Legend,$39.99 USD$44.99 USD,,product_images/Blue_Legend.jpg,https://ersanails.com/collections/all/products/blue-legend
Material Girl,$34.99 USD$39.99 USD,,product_images/Material_Girl.jpg,https://ersanails.com/collections/all/products/material-girl
Golden Shimmer,$39.99 USD,,product_images/Golden_Shimmer.jpg,https://ersanails.com/collections/all/products/golden-shimmer-1
Whispering Tide,$44.99 USD,,product_images/Whispering_Tide.jpg,https://ersanails.com/collections/all/products/whispering-tide
Cosmic Girl,$49.99 USD$54.99 USD,,product_images/Cosmic_Girl.jpg,https://ersanails.com/collections/all/products/cosmic-girl
Porcelain Dragon,$79.99 USD,,product_images/Porcelain_Dragon.jpg,https://ersanails.com/collections/all/products/porcelain-dragon
Mamianqun,$54.99 USD$59.99 USD,,product_images/Mamianqun.jpg,https://ersanails.com/collections/all/products/mamianqun
Stargazing,$34.99 USD$39.99 USD,,product_images/Stargazing.jpg,https://ersanails.com/collections/all/products/stargazing
Kitty's Fairyland,$34.99 USD$39.99 USD,,product_images/Kittys_Fairyland.jpg,https://ersanails.com/collections/all/products/kittys-fairyland
Ersa Nails ProTouch Kit,From $19.99 USD,,product_images/Ersa_Nails_ProTouch_Kit.jpg,https://ersanails.com/collections/all/products/ersa-nails-protouch-kit
Ersa Nails Starter Pack,$9.99 USD,,product_images/Ersa_Nails_Starter_Pack.jpg,https://ersanails.com/collections/all/products/ersa-nails-starter-pack
Solid Glue Tabs,From $8.99 USD,,product_images/Solid_Glue_Tabs.jpg,https://ersanails.com/collections/all/products/solid-glue-tabs
Ersa Removal Pen,$9.99 USD,,product_images/Ersa_Removal_Pen.jpg,https://ersanails.com/collections/all/products/ersa-removal-pen
ProTouch Kit Premier,$27.99 USD$33.97 USD,,product_images/ProTouch_Kit_Premier.jpg,https://ersanails.com/collections/all/products/protouch-kit-premier
Solid Nail Glue Gel,From $3.99 USD,,product_images/Solid_Nail_Glue_Gel.jpg,https://ersanails.com/collections/all/products/solid-nail-glue-gel
Ersa Magic Glue,From $8.99 USD,,product_images/Ersa_Magic_Glue.jpg,https://ersanails.com/collections/all/products/brush-on-nail-glue
Ersa Magic Remover,From $8.99 USD,,product_images/Ersa_Magic_Remover.jpg,https://ersanails.com/collections/all/products/nail-glue-remover
Ersa Cuticle Oil Pen,$7.99 USD,,product_images/Ersa_Cuticle_Oil_Pen.jpg,https://ersanails.com/collections/all/products/ersa-cuticle-oil-pen
Ersa Nail Stamp,From $16.99 USD,,product_images/Ersa_Nail_Stamp.jpg,https://ersanails.com/collections/all/products/ersa-nail-stamp
Sticky Tabs Pack (10 sheets),From $6.99 USD,,product_images/Sticky_Tabs_Pack_10_sheets.jpg,https://ersanails.com/collections/all/products/sticky-tabs-pack-10-sheets
Ersa Cuticle Oil,$6.99 USD,,product_images/Ersa_Cuticle_Oil.jpg,https://ersanails.com/collections/all/products/ersa-cuticle-oil
Ersa Bubble Binder,$24.99 USD,,product_images/Ersa_Bubble_Binder.jpg,https://ersanails.com/collections/all/products/ersa-bubble-binder
Ersa Collector Book,$14.99 USD$19.99 USD,,product_images/Ersa_Collector_Book.jpg,https://ersanails.com/collections/all/products/ersa-collector-book
Ersa Bunny Pouch,$14.99 USD,,product_images/Ersa_Bunny_Pouch.jpg,https://ersanails.com/collections/all/products/ersa-bunny-pouch
Ersa Tote Bag,$19.99 USD$24.99 USD,,product_images/Ersa_Tote_Bag.jpg,https://ersanails.com/collections/all/products/ersa-tote-bag
Ersa T-Shirt,$34.99 USD,,product_images/Ersa_T-Shirt.jpg,https://ersanails.com/collections/all/products/ersa-t-shirt
Ersa Nails Display Stand,$19.99 USD,,product_images/Ersa_Nails_Display_Stand.jpg,https://ersanails.com/collections/all/products/acrylic-stand
Ersa Nails Cuticle Tool Kit,$6.99 USD$9.99 USD,,product_images/Ersa_Nails_Cuticle_Tool_Kit.jpg,https://ersanails.com/collections/all/products/ersa-nails-cuticle-tool-kit
Ersa Handbag,$19.99 USD$24.99 USD,,product_images/Ersa_Handbag.jpg,https://ersanails.com/collections/all/products/ersa-holiday-bag
Holiday Gift Packaging,$14.99 USD,,product_images/Holiday_Gift_Packaging.jpg,https://ersanails.com/collections/all/products/holiday-gift-packaging
Timeless Beauty,$34.99 USD$44.99 USD,,product_images/Timeless_Beauty.jpg,https://ersanails.com/collections/all/products/timeless-beauty
Soft Breeze,$34.99 USD$39.99 USD,,product_images/Soft_Breeze.jpg,https://ersanails.com/collections/all/products/soft-breeze
Blush Starlight,$39.99 USD$49.99 USD,,product_images/Blush_Starlight.jpg,https://ersanails.com/collections/all/products/blush-starlight
Blossom Beaded Necklace - Work Piece,$60.00 USD,,product_images/Blossom_Beaded_Necklace_-_Work_Piece.jpg,https://ersanails.com/collections/all/products/blossom-beaded-necklace-work-piece
Big Blossom Lightweight Earrings - Work Piece,$58.00 USD,,product_images/Big_Blossom_Lightweight_Earrings_-_Work_Piece.jpg,https://ersanails.com/collections/all/products/big-blossom-lightweight-earrings-work-piece
Tropical Horn Necklace - Work Piece,$30.00 USD$50.00 USD,,product_images/Tropical_Horn_Necklace_-_Work_Piece.jpg,https://ersanails.com/collections/all/products/tropical-horn-necklace-work-piece
Tropical Enamel Ring - Work Piece,$20.00 USD,,product_images/Tropical_Enamel_Ring_-_Work_Piece.jpg,https://ersanails.com/collections/all/products/tropical-enamel-ring-work-piece
Fruit Candy,$34.99 USD$39.99 USD,,product_images/Fruit_Candy.jpg,https://ersanails.com/collections/all/products/fruit-candy
Virgencita,$64.99 USD,,product_images/Virgencita.jpg,https://ersanails.com/collections/all/products/virgencita
Elegant Moments,$29.99 USD,,product_images/Elegant_Moments.jpg,https://ersanails.com/collections/all/products/elegant-moments
Sacred Icon,$69.99 USD$84.99 USD,,product_images/Sacred_Icon.jpg,https://ersanails.com/collections/all/products/sacred-icon
Miss Charming,From $129.99 USD,,product_images/Miss_Charming.jpg,https://ersanails.com/collections/all/products/miss-charming
For Her,From $129.99 USD,,product_images/For_Her.jpg,https://ersanails.com/collections/all/products/for-her
Dreamscape,$89.99 USD$114.97 USD,,product_images/Dreamscape.jpg,https://ersanails.com/collections/all/products/dreamscape
Voyage,$89.99 USD$114.97 USD,,product_images/Voyage.jpg,https://ersanails.com/collections/all/products/voyage
Blossom Dreams,$229.99 USD$314.94 USD,,product_images/Blossom_Dreams.jpg,https://ersanails.com/collections/all/products/blossom-dreams
Letters from the Garden,$144.99 USD$199.96 USD,,product_images/Letters_from_the_Garden.jpg,https://ersanails.com/collections/all/products/letters-from-the-garden
Verdant Pulse,$129.99 USD$179.97 USD,,product_images/Verdant_Pulse.jpg,https://ersanails.com/collections/all/products/verdant-pulse
Lush Aqua,$179.99 USD$247.97 USD,,product_images/Lush_Aqua.jpg,https://ersanails.com/collections/all/products/lush-aqua
Floral Reverie,$84.99 USD$109.97 USD,,product_images/Floral_Reverie.jpg,https://ersanails.com/collections/all/products/floral-reverie
Li'l Seashell,$99.99 USD$124.97 USD,,product_images/Lil_Seashell.jpg,https://ersanails.com/collections/all/products/lil-seashell
Blush Babe,$94.99 USD$119.97 USD,,product_images/Blush_Babe.jpg,https://ersanails.com/collections/all/products/blush-babe
The Language of Flowers,$94.99 USD$114.97 USD,,product_images/The_Language_of_Flowers.jpg,https://ersanails.com/collections/all/products/the-language-of-flowers
Reborn,$589.99 USD$814.85 USD,,product_images/Reborn.jpg,https://ersanails.com/collections/all/products/reborn
Lady with Flowers,$94.99 USD$119.97 USD,,product_images/Lady_with_Flowers.jpg,https://ersanails.com/collections/all/products/lady-with-flowers
Eternal Garden,$199.99 USD$284.94 USD,,product_images/Eternal_Garden.jpg,https://ersanails.com/collections/all/products/eternal-garden
All I Want,$149.99 USD$204.95 USD,,product_images/All_I_Want.jpg,https://ersanails.com/collections/all/products/all-i-want
Clean Girl,$94.99 USD$129.97 USD,,product_images/Clean_Girl.jpg,https://ersanails.com/collections/all/products/clean-girl
Opulent Touch,$189.99 USD$259.96 USD,,product_images/Opulent_Touch.jpg,https://ersanails.com/collections/all/products/opulent-touch
Graceful Waltz,$178.88 USD$245.52 USD,,product_images/Graceful_Waltz.jpg,https://ersanails.com/collections/all/products/graceful-waltz
She Walks in Beauty,$178.88 USD$245.52 USD,,product_images/She_Walks_in_Beauty.jpg,https://ersanails.com/collections/all/products/she-walks-in-beauty
The Thriving Day,$218.88 USD$306.40 USD,,product_images/The_Thriving_Day.jpg,https://ersanails.com/collections/all/products/the-thriving-day
Reunion,"$718.88 USD$1,000.08 USD",,product_images/Reunion.jpg,https://ersanails.com/collections/all/products/reunion
Warm Embrace,$124.99 USD$169.96 USD,,product_images/Warm_Embrace.jpg,https://ersanails.com/collections/all/products/warm-embrace
Genuine,$149.99 USD$204.95 USD,,product_images/Genuine.jpg,https://ersanails.com/collections/all/products/genuine
Pure Intentions,$29.99 USD,,product_images/Pure_Intentions.jpg,https://ersanails.com/collections/all/products/pure-intentions
Plumeria,$39.99 USD,,product_images/Plumeria.jpg,https://ersanails.com/collections/all/products/plumeria
Blooming Warmth,$139.99 USD$194.96 USD,,product_images/Blooming_Warmth.jpg,https://ersanails.com/collections/all/products/blooming-warmth
On the Beach,$129.99 USD$179.96 USD,,product_images/On_the_Beach.jpg,https://ersanails.com/collections/all/products/on-the-beach
Fusion Ripple,$86.23 USD$114.97 USD,,product_images/Fusion_Ripple.jpg,https://ersanails.com/collections/all/products/fusion-ripple
Under the Sea,$499.99 USD$699.85 USD,,product_images/Under_the_Sea.jpg,https://ersanails.com/collections/all/products/under-the-sea
Song of Mermaids,$199.99 USD$279.95 USD,,product_images/Song_of_Mermaids.jpg,https://ersanails.com/collections/all/products/song-of-mermaids-1
Take Me Away,$219.99 USD$309.94 USD,,product_images/Take_Me_Away.jpg,https://ersanails.com/collections/all/products/take-me-away
Witches Party,$619.99 USD$844.85 USD,,product_images/Witches_Party.jpg,https://ersanails.com/collections/all/products/witches-party
Blue Serenity,$89.99 USD$124.97 USD,,product_images/Blue_Serenity.jpg,https://ersanails.com/collections/all/products/blue-serenity
Ersa's Pick,$139.99 USD$194.95 USD,,product_images/Ersas_Pick.jpg,https://ersanails.com/collections/all/products/ersas-pick
In The Name Of Love,$89.99 USD$129.97 USD,,product_images/In_The_Name_Of_Love.jpg,https://ersanails.com/collections/all/products/in-the-name-of-love
Goth To Death,$74.99 USD$104.97 USD,,product_images/Goth_To_Death.jpg,https://ersanails.com/collections/all/products/goth-to-death
The Secret,$164.98 USD$219.97 USD,,product_images/The_Secret.jpg,https://ersanails.com/collections/all/products/the-secret
Sacred Touch,$142.48 USD$189.97 USD,,product_images/Sacred_Touch.jpg,https://ersanails.com/collections/all/products/sacred-touch
Ersa's Pick 2,$129.47 USD$184.95 USD,,product_images/Ersas_Pick_2.jpg,https://ersanails.com/collections/all/products/ersas-pick-2
Dark Ballerina,$64.99 USD,,product_images/Dark_Ballerina.jpg,https://ersanails.com/collections/all/products/dark-ballerina
Liquid Mercury,$34.99 USD$44.99 USD,,product_images/Liquid_Mercury.jpg,https://ersanails.com/collections/all/products/liquid-mercury
Galaxy,$29.99 USD$34.99 USD,,product_images/Galaxy.jpg,https://ersanails.com/collections/all/products/galaxy
Night Angel,$69.99 USD$79.99 USD,,product_images/Night_Angel.jpg,https://ersanails.com/collections/all/products/night-angel
Crusaders,$34.99 USD,,product_images/Crusaders.jpg,https://ersanails.com/collections/all/products/crusaders
Wonder Flora,$24.99 USD$39.99 USD,,product_images/Wonder_Flora.jpg,https://ersanails.com/collections/all/products/wonder-flora
Death of Mermaids,$24.99 USD$64.99 USD,,product_images/Death_of_Mermaids.jpg,https://ersanails.com/collections/all/products/death-of-mermaids
Crimson Chronicles,$24.99 USD$49.99 USD,,product_images/Crimson_Chronicles.jpg,https://ersanails.com/collections/all/products/crimson-chronicles
Stranger Things,$24.99 USD$64.99 USD,,product_images/Stranger_Things.jpg,https://ersanails.com/collections/all/products/stranger-things
Reaper's Rhapsody,$24.99 USD$44.99 USD,,product_images/Reapers_Rhapsody.jpg,https://ersanails.com/collections/all/products/haunting-elegance
Sweet Sin,$24.99 USD$44.99 USD,,product_images/Sweet_Sin.jpg,https://ersanails.com/collections/all/products/sweet-sin
Customization Request,$8.00 USD$9.99 USD,,product_images/Customization_Request.jpg,https://ersanails.com/collections/all/products/customization-request
Nails Refill Services,$1.00 USD,,product_images/Nails_Refill_Services.jpg,https://ersanails.com/collections/all/products/nails-refill-services
Handheld UV Lamp,$14.99 USD,,product_images/Handheld_UV_Lamp.jpg,https://ersanails.com/collections/all/products/handheld-uv-lamp
Neon Dream,$34.99 USD,,product_images/Neon_Dream.jpg,https://ersanails.com/collections/all/products/neon-dream
Entranced,$34.99 USD,,product_images/Entranced.jpg,https://ersanails.com/collections/all/products/entranced
Qinghuaci,$89.99 USD,,product_images/Qinghuaci.jpg,https://ersanails.com/collections/all/products/qinghuaci
Liquid Snake,$39.99 USD$47.99 USD,,product_images/Liquid_Snake.jpg,https://ersanails.com/collections/all/products/liquid-snake
Renaissance Reverie,$529.99 USD$729.89 USD,,product_images/Renaissance_Reverie.jpg,https://ersanails.com/collections/all/products/renaissance-reverie
Pillow Talk,$89.99 USD$129.97 USD,,product_images/Pillow_Talk.jpg,https://ersanails.com/collections/all/products/pillow-talk
Gildenfire Dragon,$99.88 USD$118.88 USD,,product_images/Gildenfire_Dragon.jpg,https://ersanails.com/collections/all/products/gildenfire-dragon
Lotus Fairy,$64.99 USD$69.99 USD,,product_images/Lotus_Fairy.jpg,https://ersanails.com/collections/all/products/lotus-fairy
Blaze Dragon,$79.99 USD,,product_images/Blaze_Dragon.jpg,https://ersanails.com/collections/all/products/blaze-dragon
Custom Ring Design,$35.00 USD,,product_images/Custom_Ring_Design.jpg,https://ersanails.com/collections/all/products/custom-ring-design
Opalescent S,$69.99 USD,,product_images/Opalescent_S.jpg,https://ersanails.com/collections/all/products/opalescent-s
Folklore,$49.99 USD$54.99 USD,,product_images/Folklore.jpg,https://ersanails.com/collections/all/products/folklore
The Harmony,$529.99 USD$738.80 USD,,product_images/The_Harmony.jpg,https://ersanails.com/collections/all/products/the-harmony
Olive S,$69.99 USD$89.99 USD,,product_images/Olive_S.jpg,https://ersanails.com/collections/all/products/olive-s
Qipao,$64.99 USD$69.99 USD,,product_images/Qipao.jpg,https://ersanails.com/collections/all/products/qipao
Dragon Roar,$279.99 USD$368.85 USD,,product_images/Dragon_Roar.jpg,https://ersanails.com/collections/all/products/dragon-roar
Oriental Beauty,$209.99 USD$289.96 USD,,product_images/Oriental_Beauty.jpg,https://ersanails.com/collections/all/products/oriental-beauty
Only You,$119.99 USD$169.96 USD,,product_images/Only_You.jpg,https://ersanails.com/collections/all/products/only-you
Camellia Aroma Charm,$9.99 USD,,product_images/Camellia_Aroma_Charm.jpg,https://ersanails.com/collections/all/products/camellia-aroma-charm
Flower Hairclip,$6.99 USD,,product_images/Flower_Hairclip.jpg,https://ersanails.com/collections/all/products/flower-hairclip
Blue Crystal - Braided Bracelet,$19.99 USD$24.99 USD,,product_images/Blue_Crystal_-_Braided_Bracelet.jpg,https://ersanails.com/collections/all/products/handmade-bracelet-blue-crystal
Sweet Strawberry - Strawberry Phone Charm,$14.99 USD,,product_images/Sweet_Strawberry_-_Strawberry_Phone_Charm.jpg,https://ersanails.com/collections/all/products/phone-charm-sweet-strawberry
Pink Puppy - Puppy Phone Charm,$19.99 USD,,product_images/Pink_Puppy_-_Puppy_Phone_Charm.jpg,https://ersanails.com/collections/all/products/phone-charm-pink-puppy
Seashell - Kitty Phone Charm,$14.99 USD,,product_images/Seashell_-_Kitty_Phone_Charm.jpg,https://ersanails.com/collections/all/products/phone-charm-seashell
Pink Sakura - Flower Phone Charm,$14.99 USD,,product_images/Pink_Sakura_-_Flower_Phone_Charm.jpg,https://ersanails.com/collections/all/products/phone-charm-pink-sakura
Butterflies & Petals - Flower Phone Charm,$14.99 USD,,product_images/Butterflies__Petals_-_Flower_Phone_Charm.jpg,https://ersanails.com/collections/all/products/phone-charm-butterflies-petals
Mermaid - Mermaid Phone Charm,$14.99 USD,,product_images/Mermaid_-_Mermaid_Phone_Charm.jpg,https://ersanails.com/collections/all/products/phone-charm-mermaid
Metallic Bows - Bow Phone Charm,$19.99 USD,,product_images/Metallic_Bows_-_Bow_Phone_Charm.jpg,https://ersanails.com/collections/all/products/phone-charm-metallic-bows
Blue Starfish - Starfish Phone Charm,$19.99 USD,,product_images/Blue_Starfish_-_Starfish_Phone_Charm.jpg,https://ersanails.com/collections/all/products/phone-charm-blue-starfish
Brown Kitty - Kitty Phone Charm,$19.99 USD,,product_images/Brown_Kitty_-_Kitty_Phone_Charm.jpg,https://ersanails.com/collections/all/products/phone-charm-brown-kitty
White Kitty - Handmade Bracelet,$19.99 USD,,product_images/White_Kitty_-_Handmade_Bracelet.jpg,https://ersanails.com/collections/all/products/handmade-bracelet-white-kitty
Pink Kitty - Handmade Bracelet,$19.99 USD,,product_images/Pink_Kitty_-_Handmade_Bracelet.jpg,https://ersanails.com/collections/all/products/handmade-bracelet-pink-kitty
Blue Kitty - Handmade Bracelet,$19.99 USD,,product_images/Blue_Kitty_-_Handmade_Bracelet.jpg,https://ersanails.com/collections/all/products/handmade-bracelet-blue-kitty
Naughty Kitty - Handmade Bracelet,$19.99 USD,,product_images/Naughty_Kitty_-_Handmade_Bracelet.jpg,https://ersanails.com/collections/all/products/handmade-bracelet-naughty-kitty
Silver Star - Handmade Bracelet,$19.99 USD,,product_images/Silver_Star_-_Handmade_Bracelet.jpg,https://ersanails.com/collections/all/products/handmade-bracelet-silver-star
Crystal Flower - Handmade Bracelet,$19.99 USD,,product_images/Crystal_Flower_-_Handmade_Bracelet.jpg,https://ersanails.com/collections/all/products/handmade-bracelet-crystal-flower
Handmade Butterfly Ring,$19.99 USD,,product_images/Handmade_Butterfly_Ring.jpg,https://ersanails.com/collections/all/products/handmade-butterfly-ring
Strawberry Cake - Strawberry Phone Charm,$19.99 USD,,product_images/Strawberry_Cake_-_Strawberry_Phone_Charm.jpg,https://ersanails.com/collections/all/products/phone-charm-strawberry-cake
Face Gems,$6.99 USD,,product_images/Face_Gems.jpg,https://ersanails.com/collections/all/products/face-gems
Arm Cuff,$14.99 USD,,product_images/Arm_Cuff.jpg,https://ersanails.com/collections/all/products/arm-cuff
Hair Scarf,$6.99 USD,,product_images/Hair_Scarf.jpg,https://ersanails.com/collections/all/products/hair-scarf
